<aetgt:getResponse xmlns:aetgt="http://schemas.active-endpoints.com/appmodules/repository/2010/10/avrepository.xsd"
                   xmlns:types1="http://schemas.active-endpoints.com/appmodules/repository/2010/10/avrepository.xsd">
   <types1:Item>
      <types1:EntryId>FNDACUtoVVVVVVV-gt-208890-2019-07-19T05:48:21.506Z::pd.xml</types1:EntryId>
      <types1:Name>SampleProcess</types1:Name>
      <types1:MimeType>application/xml+process</types1:MimeType>
      <types1:Description/>
      <types1:AppliesTo/>
      <types1:Tags>.anonymous</types1:Tags>
      <types1:VersionLabel>1.0</types1:VersionLabel>
      <types1:State>CURRENT</types1:State>
      <types1:ProcessGroup/>
      <types1:CreatedBy>sravipa3@ford.com.dev.leap</types1:CreatedBy>
      <types1:CreationDate>2019-07-19T05:48:22Z</types1:CreationDate>
      <types1:ModifiedBy>sravipa3@ford.com.dev.leap</types1:ModifiedBy>
      <types1:ModificationDate>2019-07-19T11:42:39Z</types1:ModificationDate>
      <types1:PublicationStatus>published</types1:PublicationStatus>
      <types1:PublishedBy>sravipa3@ford.com.dev.leap</types1:PublishedBy>
      <types1:PublicationDate>2019-12-03T06:18:25Z</types1:PublicationDate>
      <types1:PublishedContributionId>project:/spi.SampleProcess/SampleProcess.pd.xml</types1:PublishedContributionId>
      <types1:AutosaveExists>false</types1:AutosaveExists>
      <types1:Entry>
         <process xmlns="http://schemas.active-endpoints.com/appmodules/screenflow/2010/10/avosScreenflow.xsd"
                  xmlns:list="urn:activevos:spi:list:functions"
                  displayName="SampleProcess"
                  name="SampleProcess">
            <appliesTo/>
            <description/>
            <tags>.anonymous</tags>
            <generator>Informatica Process Designer 11</generator>
            <input>
               <parameter description="" name="inputXML" type="reference">
                  <options>
                     <option name="referenceTo">$po:$any</option>
                     <option name="required">false</option>
                     <option name="isCopy">true</option>
                  </options>
               </parameter>
            </input>
            <output>
               <field description="" name="outputXML" type="reference">
                  <options>
                     <option name="referenceTo">$po:$any</option>
                     <option name="required">false</option>
                     <option name="isCopy">true</option>
                  </options>
               </field>
            </output>
            <notes/>
            <deployment suspendOnFault="false" tracingLevel="verbose">
               <rest>
                  <allowAnonymousAccess/>
                  <wholePayload inputWholePayload="true" outputWholePayload="true"/>
               </rest>
            </deployment>
            <flow id="a">
               <start id="b">
                  <link id="jy9o37ay" targetId="jy9o37ax"/>
               </start>
               <assignment id="jy9o37ax">
                  <title>Assignment to outputXML</title>
                  <operation source="field" to="output.outputXML">input.inputXML</operation>
                  <link id="jy9yw0s0" targetId="jy9yw0rz"/>
               </assignment>
               <end id="jy9yw0rz">
                  <title>Milestone</title>
               </end>
            </flow>
         </process>
      </types1:Entry>
      <types1:GUID>j4podcVN2M0lGuw4OF8lsj</types1:GUID>
      <types1:DisplayName>SampleProcess</types1:DisplayName>
   </types1:Item>
   <types1:CurrentServerDateTime>2020-01-13T14:06:34.992Z</types1:CurrentServerDateTime>
</aetgt:getResponse>
