{
  "name" : "SampleProcess",
  "sourceOrgId" : "3Dhct7qdyOvgs2okxcAtIr",
  "sourceOrgName" : "LEAP 25080 DEV",
  "exportedObjects" : [ {
    "objectGuid" : "j4podcVN2M0lGuw4OF8lsj",
    "objectName" : "SampleProcess",
    "objectType" : "PROCESS",
    "path" : "/Explore/Default",
    "metadata" : {
      "modelVersion" : {
        "major" : 1,
        "minor" : 0
      },
      "repoInfo" : {
        "repoHandle" : "FNDACUtoVVVVVVV-gt-208890-2019-07-19T05:48:21.506Z::pd.xml"
      },
      "objectRefs" : [ ],
      "contextAttributes" : null,
      "additionalInfo" : {
        "description" : "",
        "contentType" : "application/json; charset=utf-8",
        "documentState" : "VALID"
      }
    }
  }, {
    "objectGuid" : "61ryTgdBXIRh49EDEMmZ2O",
    "objectName" : "Default",
    "objectType" : "Project",
    "path" : "/Explore",
    "metadata" : {
      "modelVersion" : {
        "major" : 0,
        "minor" : 0
      },
      "repoInfo" : null,
      "objectRefs" : [ ],
      "contextAttributes" : [ {
        "name" : "IS_DEF_LOC",
        "value" : "true"
      } ],
      "additionalInfo" : {
        "description" : "Auto-generated Default Project",
        "contentType" : null,
        "documentState" : "COMPLETE"
      }
    }
  } ]
}